cd,tp,scr,tv
KRW-BTC,23032000,0.0020448118,0.02166739
