cd,tp,scr,tv
KRW-ETH,1657500,0.0112873703,0.60734892
